{
  "project_info": {
    "project_number": "562149863237",
    "firebase_url": "https://antitheft-xius-5ca25.firebaseio.com",
    "project_id": "antitheft-xius-5ca25",
    "storage_bucket": "antitheft-xius-5ca25.appspot.com"
  },
  "client": [
    {
      "client_info": {
        "mobilesdk_app_id": "1:562149863237:android:259bb8efb4816cf5",
        "android_client_info": {
          "package_name": "com.kochartech.antitheft.xius"
        }
      },
      "oauth_client": [
        {
          "client_id": "562149863237-o67109mi9u07g5hce7k9nabk89ae9pk9.apps.googleusercontent.com",
          "client_type": 1,
          "android_info": {
            "package_name": "com.kochartech.antitheft.xius",
            "certificate_hash": "d6da218e72808fe341b115cee79dadd7c396b257"
          }
        },
        {
          "client_id": "562149863237-gvpqh7rgbtvqrbjutch3us59s4mfdl9j.apps.googleusercontent.com",
          "client_type": 3
        }
      ],
      "api_key": [
        {
          "current_key": "AIzaSyAqjWFTVYnipvtfj1OB0K0LKMOnhVj1yzs"
        }
      ],
      "services": {
        "analytics_service": {
          "status": 1
        },
        "appinvite_service": {
          "status": 2,
          "other_platform_oauth_client": [
            {
              "client_id": "562149863237-gvpqh7rgbtvqrbjutch3us59s4mfdl9j.apps.googleusercontent.com",
              "client_type": 3
            }
          ]
        },
        "ads_service": {
          "status": 2
        }
      }
    }
  ],
  "configuration_version": "1"
}